tau=0.5323076923076924,break_random_link,place_randomly
tau=0.5507692307692308,break_random_link,place_randomly
tau=0.5323076923076924,break_random_link,place_randomly
tau=0.563076923076923,break_random_link,place_randomly
tau=0.563076923076923,break_random_link,place_randomly
tau=0.5384615384615385,break_random_link,place_randomly
tau=0.5753846153846154,break_random_link,place_randomly
tau=0.5507692307692308,break_random_link,place_randomly
tau=0.5815384615384616,break_random_link,place_randomly
tau=0.556923076923077,break_random_link,place_randomly
tau=0.5815384615384616,break_random_link,place_randomly
tau=0.5446153846153846,break_random_link,place_randomly
tau=0.5692307692307692,break_random_link,place_randomly
tau=0.556923076923077,break_random_link,place_randomly
tau=0.5692307692307692,break_random_link,place_randomly
tau=0.556923076923077,break_random_link,place_randomly
tau=0.5323076923076924,break_random_link,place_randomly
tau=0.556923076923077,break_random_link,place_randomly
tau=0.5384615384615385,break_random_link,place_randomly
tau=0.5261538461538462,break_random_link,place_randomly
tau=0.5753846153846154,break_random_link,place_randomly
tau=0.5692307692307692,break_random_link,place_randomly
tau=0.5753846153846154,break_random_link,place_randomly
tau=0.5446153846153846,break_random_link,place_randomly
tau=0.5261538461538462,break_random_link,place_randomly
tau=0.563076923076923,break_random_link,place_randomly
tau=0.5507692307692308,break_random_link,place_randomly
tau=0.5815384615384616,break_random_link,place_randomly
tau=0.5507692307692308,break_random_link,place_randomly
tau=0.5507692307692308,break_random_link,place_randomly
tau=0.9876923076923078,break_random_link,add_edges_by_win_ratio
tau=0.9876923076923078,break_random_link,add_edges_by_win_ratio
tau=0.9876923076923078,break_random_link,add_edges_by_win_ratio
tau=0.9876923076923078,break_random_link,add_edges_by_win_ratio
tau=0.9876923076923078,break_random_link,add_edges_by_win_ratio
tau=0.9876923076923078,break_random_link,add_edges_by_win_ratio
tau=0.9876923076923078,break_random_link,add_edges_by_win_ratio
tau=0.9876923076923078,break_random_link,add_edges_by_win_ratio
tau=0.9876923076923078,break_random_link,add_edges_by_win_ratio
tau=0.9876923076923078,break_random_link,add_edges_by_win_ratio
tau=0.9876923076923078,break_random_link,add_edges_by_win_ratio
tau=0.9876923076923078,break_random_link,add_edges_by_win_ratio
tau=0.9876923076923078,break_random_link,add_edges_by_win_ratio
tau=0.9876923076923078,break_random_link,add_edges_by_win_ratio
tau=0.9876923076923078,break_random_link,add_edges_by_win_ratio
tau=0.9876923076923078,break_random_link,add_edges_by_win_ratio
tau=0.9876923076923078,break_random_link,add_edges_by_win_ratio
tau=0.9876923076923078,break_random_link,add_edges_by_win_ratio
tau=0.9876923076923078,break_random_link,add_edges_by_win_ratio
tau=0.9876923076923078,break_random_link,add_edges_by_win_ratio
tau=0.9876923076923078,break_random_link,add_edges_by_win_ratio
tau=0.9876923076923078,break_random_link,add_edges_by_win_ratio
tau=0.9876923076923078,break_random_link,add_edges_by_win_ratio
tau=0.9876923076923078,break_random_link,add_edges_by_win_ratio
tau=0.9876923076923078,break_random_link,add_edges_by_win_ratio
tau=0.9876923076923078,break_random_link,add_edges_by_win_ratio
tau=0.9876923076923078,break_random_link,add_edges_by_win_ratio
tau=0.9876923076923078,break_random_link,add_edges_by_win_ratio
tau=0.9876923076923078,break_random_link,add_edges_by_win_ratio
tau=0.9876923076923078,break_random_link,add_edges_by_win_ratio
tau=0.9015384615384616,break_random_link,add_random_edges
tau=0.92,break_random_link,add_random_edges
tau=0.8769230769230769,break_random_link,add_random_edges
tau=0.9015384615384616,break_random_link,add_random_edges
tau=0.9015384615384616,break_random_link,add_random_edges
tau=0.8523076923076923,break_random_link,add_random_edges
tau=0.9261538461538462,break_random_link,add_random_edges
tau=0.9015384615384616,break_random_link,add_random_edges
tau=0.8892307692307694,break_random_link,add_random_edges
tau=0.8892307692307694,break_random_link,add_random_edges
tau=0.8584615384615385,break_random_link,add_random_edges
tau=0.913846153846154,break_random_link,add_random_edges
tau=0.8769230769230769,break_random_link,add_random_edges
tau=0.913846153846154,break_random_link,add_random_edges
tau=0.8830769230769231,break_random_link,add_random_edges
tau=0.8892307692307694,break_random_link,add_random_edges
tau=0.92,break_random_link,add_random_edges
tau=0.92,break_random_link,add_random_edges
tau=0.9076923076923077,break_random_link,add_random_edges
tau=0.8953846153846154,break_random_link,add_random_edges
tau=0.9261538461538462,break_random_link,add_random_edges
tau=0.8953846153846154,break_random_link,add_random_edges
tau=0.8769230769230769,break_random_link,add_random_edges
tau=0.8707692307692309,break_random_link,add_random_edges
tau=0.8953846153846154,break_random_link,add_random_edges
tau=0.9261538461538462,break_random_link,add_random_edges
tau=0.92,break_random_link,add_random_edges
tau=0.8707692307692309,break_random_link,add_random_edges
tau=0.8646153846153847,break_random_link,add_random_edges
tau=0.8953846153846154,break_random_link,add_random_edges
tau=0.6123076923076923,break_weakest_link,place_randomly
tau=0.6369230769230769,break_weakest_link,place_randomly
tau=0.6123076923076923,break_weakest_link,place_randomly
tau=0.6430769230769231,break_weakest_link,place_randomly
tau=0.6615384615384615,break_weakest_link,place_randomly
tau=0.6430769230769231,break_weakest_link,place_randomly
tau=0.6061538461538462,break_weakest_link,place_randomly
tau=0.6492307692307693,break_weakest_link,place_randomly
tau=0.6492307692307693,break_weakest_link,place_randomly
tau=0.6307692307692307,break_weakest_link,place_randomly
tau=0.6246153846153847,break_weakest_link,place_randomly
tau=0.6492307692307693,break_weakest_link,place_randomly
tau=0.6246153846153847,break_weakest_link,place_randomly
tau=0.6184615384615385,break_weakest_link,place_randomly
tau=0.6369230769230769,break_weakest_link,place_randomly
tau=0.6307692307692307,break_weakest_link,place_randomly
tau=0.6430769230769231,break_weakest_link,place_randomly
tau=0.6492307692307693,break_weakest_link,place_randomly
tau=0.6000000000000001,break_weakest_link,place_randomly
tau=0.6369230769230769,break_weakest_link,place_randomly
tau=0.6492307692307693,break_weakest_link,place_randomly
tau=0.6430769230769231,break_weakest_link,place_randomly
tau=0.6615384615384615,break_weakest_link,place_randomly
tau=0.6430769230769231,break_weakest_link,place_randomly
tau=0.6246153846153847,break_weakest_link,place_randomly
tau=0.6369230769230769,break_weakest_link,place_randomly
tau=0.6553846153846153,break_weakest_link,place_randomly
tau=0.6184615384615385,break_weakest_link,place_randomly
tau=0.6492307692307693,break_weakest_link,place_randomly
tau=0.6369230769230769,break_weakest_link,place_randomly
tau=0.9876923076923078,break_weakest_link,add_edges_by_win_ratio
tau=0.9876923076923078,break_weakest_link,add_edges_by_win_ratio
tau=0.9876923076923078,break_weakest_link,add_edges_by_win_ratio
tau=0.9876923076923078,break_weakest_link,add_edges_by_win_ratio
tau=0.9876923076923078,break_weakest_link,add_edges_by_win_ratio
tau=0.9876923076923078,break_weakest_link,add_edges_by_win_ratio
tau=0.9876923076923078,break_weakest_link,add_edges_by_win_ratio
tau=0.9876923076923078,break_weakest_link,add_edges_by_win_ratio
tau=0.9876923076923078,break_weakest_link,add_edges_by_win_ratio
tau=0.9876923076923078,break_weakest_link,add_edges_by_win_ratio
tau=0.9876923076923078,break_weakest_link,add_edges_by_win_ratio
tau=0.9876923076923078,break_weakest_link,add_edges_by_win_ratio
tau=0.9876923076923078,break_weakest_link,add_edges_by_win_ratio
tau=0.9876923076923078,break_weakest_link,add_edges_by_win_ratio
tau=0.9876923076923078,break_weakest_link,add_edges_by_win_ratio
tau=0.9876923076923078,break_weakest_link,add_edges_by_win_ratio
tau=0.9876923076923078,break_weakest_link,add_edges_by_win_ratio
tau=0.9876923076923078,break_weakest_link,add_edges_by_win_ratio
tau=0.9876923076923078,break_weakest_link,add_edges_by_win_ratio
tau=0.9876923076923078,break_weakest_link,add_edges_by_win_ratio
tau=0.9876923076923078,break_weakest_link,add_edges_by_win_ratio
tau=0.9876923076923078,break_weakest_link,add_edges_by_win_ratio
tau=0.9876923076923078,break_weakest_link,add_edges_by_win_ratio
tau=0.9876923076923078,break_weakest_link,add_edges_by_win_ratio
tau=0.9876923076923078,break_weakest_link,add_edges_by_win_ratio
tau=0.9876923076923078,break_weakest_link,add_edges_by_win_ratio
tau=0.9876923076923078,break_weakest_link,add_edges_by_win_ratio
tau=0.9876923076923078,break_weakest_link,add_edges_by_win_ratio
tau=0.9876923076923078,break_weakest_link,add_edges_by_win_ratio
tau=0.9876923076923078,break_weakest_link,add_edges_by_win_ratio
tau=0.9261538461538462,break_weakest_link,add_random_edges
tau=0.913846153846154,break_weakest_link,add_random_edges
tau=0.8830769230769231,break_weakest_link,add_random_edges
tau=0.9076923076923077,break_weakest_link,add_random_edges
tau=0.9261538461538462,break_weakest_link,add_random_edges
tau=0.9076923076923077,break_weakest_link,add_random_edges
tau=0.913846153846154,break_weakest_link,add_random_edges
tau=0.9076923076923077,break_weakest_link,add_random_edges
tau=0.9076923076923077,break_weakest_link,add_random_edges
tau=0.913846153846154,break_weakest_link,add_random_edges
tau=0.92,break_weakest_link,add_random_edges
tau=0.92,break_weakest_link,add_random_edges
tau=0.9261538461538462,break_weakest_link,add_random_edges
tau=0.92,break_weakest_link,add_random_edges
tau=0.9076923076923077,break_weakest_link,add_random_edges
tau=0.9076923076923077,break_weakest_link,add_random_edges
tau=0.9384615384615386,break_weakest_link,add_random_edges
tau=0.913846153846154,break_weakest_link,add_random_edges
tau=0.9261538461538462,break_weakest_link,add_random_edges
tau=0.9261538461538462,break_weakest_link,add_random_edges
tau=0.9323076923076923,break_weakest_link,add_random_edges
tau=0.913846153846154,break_weakest_link,add_random_edges
tau=0.913846153846154,break_weakest_link,add_random_edges
tau=0.8892307692307694,break_weakest_link,add_random_edges
tau=0.913846153846154,break_weakest_link,add_random_edges
tau=0.913846153846154,break_weakest_link,add_random_edges
tau=0.8953846153846154,break_weakest_link,add_random_edges
tau=0.92,break_weakest_link,add_random_edges
tau=0.9384615384615386,break_weakest_link,add_random_edges
tau=0.9507692307692308,break_weakest_link,add_random_edges
tau=0.9446153846153846,add_edges_in_order,place_randomly
tau=0.9384615384615386,add_edges_in_order,place_randomly
tau=0.92,add_edges_in_order,place_randomly
tau=0.92,add_edges_in_order,place_randomly
tau=0.9384615384615386,add_edges_in_order,place_randomly
tau=0.9015384615384616,add_edges_in_order,place_randomly
tau=0.9384615384615386,add_edges_in_order,place_randomly
tau=0.9323076923076923,add_edges_in_order,place_randomly
tau=0.9323076923076923,add_edges_in_order,place_randomly
tau=0.92,add_edges_in_order,place_randomly
tau=0.9569230769230769,add_edges_in_order,place_randomly
tau=0.92,add_edges_in_order,place_randomly
tau=0.9261538461538462,add_edges_in_order,place_randomly
tau=0.9446153846153846,add_edges_in_order,place_randomly
tau=0.9076923076923077,add_edges_in_order,place_randomly
tau=0.9323076923076923,add_edges_in_order,place_randomly
tau=0.9261538461538462,add_edges_in_order,place_randomly
tau=0.9261538461538462,add_edges_in_order,place_randomly
tau=0.9323076923076923,add_edges_in_order,place_randomly
tau=0.9384615384615386,add_edges_in_order,place_randomly
tau=0.9384615384615386,add_edges_in_order,place_randomly
tau=0.9384615384615386,add_edges_in_order,place_randomly
tau=0.92,add_edges_in_order,place_randomly
tau=0.9323076923076923,add_edges_in_order,place_randomly
tau=0.9076923076923077,add_edges_in_order,place_randomly
tau=0.9384615384615386,add_edges_in_order,place_randomly
tau=0.913846153846154,add_edges_in_order,place_randomly
tau=0.9323076923076923,add_edges_in_order,place_randomly
tau=0.9384615384615386,add_edges_in_order,place_randomly
tau=0.8953846153846154,add_edges_in_order,place_randomly
tau=0.9876923076923078,add_edges_in_order,add_edges_by_win_ratio
tau=0.9876923076923078,add_edges_in_order,add_edges_by_win_ratio
tau=0.9876923076923078,add_edges_in_order,add_edges_by_win_ratio
tau=0.9876923076923078,add_edges_in_order,add_edges_by_win_ratio
tau=0.9876923076923078,add_edges_in_order,add_edges_by_win_ratio
tau=0.9876923076923078,add_edges_in_order,add_edges_by_win_ratio
tau=0.9876923076923078,add_edges_in_order,add_edges_by_win_ratio
tau=0.9876923076923078,add_edges_in_order,add_edges_by_win_ratio
tau=0.9876923076923078,add_edges_in_order,add_edges_by_win_ratio
tau=0.9876923076923078,add_edges_in_order,add_edges_by_win_ratio
tau=0.9876923076923078,add_edges_in_order,add_edges_by_win_ratio
tau=0.9876923076923078,add_edges_in_order,add_edges_by_win_ratio
tau=0.9876923076923078,add_edges_in_order,add_edges_by_win_ratio
tau=0.9876923076923078,add_edges_in_order,add_edges_by_win_ratio
tau=0.9876923076923078,add_edges_in_order,add_edges_by_win_ratio
tau=0.9876923076923078,add_edges_in_order,add_edges_by_win_ratio
tau=0.9876923076923078,add_edges_in_order,add_edges_by_win_ratio
tau=0.9876923076923078,add_edges_in_order,add_edges_by_win_ratio
tau=0.9876923076923078,add_edges_in_order,add_edges_by_win_ratio
tau=0.9876923076923078,add_edges_in_order,add_edges_by_win_ratio
tau=0.9876923076923078,add_edges_in_order,add_edges_by_win_ratio
tau=0.9876923076923078,add_edges_in_order,add_edges_by_win_ratio
tau=0.9876923076923078,add_edges_in_order,add_edges_by_win_ratio
tau=0.9876923076923078,add_edges_in_order,add_edges_by_win_ratio
tau=0.9876923076923078,add_edges_in_order,add_edges_by_win_ratio
tau=0.9876923076923078,add_edges_in_order,add_edges_by_win_ratio
tau=0.9876923076923078,add_edges_in_order,add_edges_by_win_ratio
tau=0.9876923076923078,add_edges_in_order,add_edges_by_win_ratio
tau=0.9876923076923078,add_edges_in_order,add_edges_by_win_ratio
tau=0.9876923076923078,add_edges_in_order,add_edges_by_win_ratio
tau=0.92,add_edges_in_order,add_random_edges
tau=0.9384615384615386,add_edges_in_order,add_random_edges
tau=0.9384615384615386,add_edges_in_order,add_random_edges
tau=0.9384615384615386,add_edges_in_order,add_random_edges
tau=0.9384615384615386,add_edges_in_order,add_random_edges
tau=0.92,add_edges_in_order,add_random_edges
tau=0.9446153846153846,add_edges_in_order,add_random_edges
tau=0.9569230769230769,add_edges_in_order,add_random_edges
tau=0.9261538461538462,add_edges_in_order,add_random_edges
tau=0.9507692307692308,add_edges_in_order,add_random_edges
tau=0.9323076923076923,add_edges_in_order,add_random_edges
tau=0.9630769230769232,add_edges_in_order,add_random_edges
tau=0.913846153846154,add_edges_in_order,add_random_edges
tau=0.9076923076923077,add_edges_in_order,add_random_edges
tau=0.9384615384615386,add_edges_in_order,add_random_edges
tau=0.9261538461538462,add_edges_in_order,add_random_edges
tau=0.9323076923076923,add_edges_in_order,add_random_edges
tau=0.9446153846153846,add_edges_in_order,add_random_edges
tau=0.9261538461538462,add_edges_in_order,add_random_edges
tau=0.9446153846153846,add_edges_in_order,add_random_edges
tau=0.9323076923076923,add_edges_in_order,add_random_edges
tau=0.9384615384615386,add_edges_in_order,add_random_edges
tau=0.9446153846153846,add_edges_in_order,add_random_edges
tau=0.9384615384615386,add_edges_in_order,add_random_edges
tau=0.9507692307692308,add_edges_in_order,add_random_edges
tau=0.9261538461538462,add_edges_in_order,add_random_edges
tau=0.9323076923076923,add_edges_in_order,add_random_edges
tau=0.9507692307692308,add_edges_in_order,add_random_edges
tau=0.9507692307692308,add_edges_in_order,add_random_edges
tau=0.9261538461538462,add_edges_in_order,add_random_edges
